{"cameraMode":{"drawMode":0,"name":"Shaded","section":"Shading Mode"},"sceneLighting":false,"audioPlay":false,"sceneViewState":{"showFog":true,"showMaterialUpdate":false,"showSkybox":false,"showFlares":true,"showImageEffects":true,"showParticleSystems":true},"in2DMode":false,"pivot":{"x":11.382457733154297,"y":3.818833112716675,"z":-15.701873779296875},"rotation":{"x":0.023443978279829027,"y":0.9686428904533386,"z":-0.22628924250602723,"w":0.10031053423881531},"size":3.3856921195983888,"orthographic":false}